"keyword","volume","change_3m","change_yoy","competition","bid_low","bid_high","section","class"
"como en casa","1300","+23%","+122%","Låg","","","Sökordsförslag","brand-restaurant"
"chefs","1000","+22%","-12%","Låg","","","Sökord som du har angett","chef"
"chef ramsay gordon","880","-63%","-33%","Låg","","","Sökordsförslag","celebrity-chef"
"catering","720","+22%","0%","Låg","4.03","5.50","Sökord som du har angett","catering"
"delivery cerca de mi","720","+49%","+22%","Låg","3.44","15.40","Sökordsförslag","delivery-generic"
"servicio de catering","480","+51%","+23%","Låg","3.93","5.21","Sökord som du har angett","catering"
"chef s","480","+680%","+22%","Låg","","","Sökordsförslag","chef"
"cheffs","210","0%","-19%","Låg","","","Sökordsförslag","chef"
"jordi cruz","210","+24%","+420%","Låg","","","Sökordsförslag","celebrity-chef"
"la toscana catering","210","-19%","+21%","Låg","","","Sökordsförslag","catering"
"comida a domicilio","170","-65%","+143%","Låg","3.15","15.93","Sökord som du har angett","delivery-generic"
"comida para llevar","170","-19%","+50%","Låg","","","Sökordsförslag","delivery-generic"
"chef vip","170","+86%","+86%","Låg","","","Sökordsförslag","other"
"comida a domicilio cerca de mi","140","-21%","0%","Låg","0.61","13.27","Sökordsförslag","delivery-generic"
"catering para eventos","140","+29%","-18%","Låg","3.55","5.11","Sökordsförslag","catering"
"chef a domicilio","140","0%","0%","Låg","","","Sökordsförslag","chef"
"chef domicilio","140","0%","0%","Låg","","","Sökordsförslag","chef"
"rapipollo","110","+57%","+22%","Låg","","","Sökordsförslag","brand-restaurant"
"comida delivery","90","+143%","+143%","Låg","2.46","16.12","Sökord som du har angett","delivery-generic"
"el chef","90","0%","0%","Låg","","","Sökordsförslag","other"
"delivery de comida cerca de mi","70","+25%","0%","Låg","5.70","20.25","Sökordsförslag","delivery-generic"
"delivery comida cerca de mi","70","+40%","0%","Låg","4.82","16.42","Sökordsförslag","delivery-generic"
"hamburguesas delivery","70","0%","0%","Låg","4.52","11.80","Sökordsförslag","delivery-generic"
"comida con delivery cerca de mi","70","+25%","0%","Låg","5.70","20.25","Sökordsförslag","delivery-generic"
"pizza delivery cerca de mi","70","-29%","0%","Låg","0.39","17.50","Sökordsförslag","delivery-generic"
"comida delivery cerca de mí","70","+25%","0%","Låg","5.70","20.25","Sökordsförslag","delivery-generic"
"souschef","70","+29%","0%","Låg","","","Sökordsförslag","chef"
"chef francis mallmann","70","+29%","+29%","Låg","","","Sökordsförslag","celebrity-chef"
"cuatro fuegos catering","70","-22%","+75%","Låg","","","Sökordsförslag","catering"
"marta elena catering","70","+40%","+75%","Låg","","","Sökordsförslag","catering"
"delivery de comida","50","0%","-20%","Låg","1.67","16.71","Sökordsförslag","delivery-generic"
"delivery de comida cerca de mí ubicación","50","-78%","-33%","Låg","","","Sökordsförslag","delivery-generic"
"pedidos ya delivery","50","0%","0%","Låg","2.46","7.08","Sökordsförslag","delivery-navigational"
"servicio de delivery","50","+67%","0%","Låg","","","Sökordsförslag","delivery-generic"
"delivery de comidas cerca de mi ubicación","50","-78%","-33%","Låg","","","Sökordsförslag","delivery-generic"
"chef david muñoz","50","-29%","+25%","Låg","","","Sökordsförslag","celebrity-chef"
"chef de cocina","50","-29%","0%","Låg","","","Sökordsförslag","chef"
"chef petersen","50","-100%","0%","","","","Sökordsförslag","celebrity-chef"
"david muñoz","50","-29%","+25%","Låg","","","Sökordsförslag","celebrity-chef"
"delivery san lorenzo","50","-29%","-29%","Låg","3.34","10.91","Sökordsförslag","delivery-generic"
"comida para llevar cerca de mi","40","0%","-25%","Låg","","","Sökordsförslag","delivery-generic"
"comida delivery cerca","40","-75%","-80%","Låg","","","Sökordsförslag","delivery-generic"
"comidas para llevar cerca de mi","40","0%","-25%","Låg","","","Sökordsförslag","delivery-generic"
"servicio de catering para eventos","40","+150%","+67%","Låg","3.93","5.31","Sökordsförslag","catering"
"delivery cerca de mi ubicación","40","0%","+25%","Låg","2.52","13.47","Sökordsförslag","delivery-generic"
"asado delivery","40","-20%","-20%","Låg","2.85","8.75","Sökordsförslag","delivery-generic"
"delivery asado","40","-20%","-20%","Låg","2.85","8.75","Sökordsförslag","delivery-generic"
"escoffiers","40","0%","-25%","Låg","","","Sökordsförslag","celebrity-chef"
"masterchef españa","40","-78%","-60%","Låg","","","Sökordsförslag","other"
"delivery de mcdonald's","30","0%","-40%","Låg","3.05","12.09","Sökordsförslag","delivery-navigational"
"restaurantes delivery","30","0%","-50%","Låg","","","Sökordsförslag","delivery-generic"
"servicio catering","30","-50%","-67%","Låg","","","Sökordsförslag","catering"
"chef profesional","30","+100%","-20%","Låg","","","Sökordsförslag","chef"
"pizza hut pedidos","30","+33%","+100%","Låg","5.80","16.42","Sökordsförslag","delivery-navigational"
"delivery de mcdonalds","30","0%","-40%","Låg","3.05","12.09","Sökordsförslag","delivery-navigational"
"delivery de pizza cerca de mi ubicación","30","0%","0%","Låg","2.04","8.55","Sökordsförslag","delivery-generic"
"hamburguesas delivery cerca de mi","30","-50%","-50%","Låg","","","Sökordsförslag","delivery-generic"
"servicio de catering para 100 personas precios","30","+50%","0%","Låg","","","Sökordsförslag","catering"
"chef ducasse","30","0%","-33%","Låg","","","Sökordsförslag","celebrity-chef"
"como vestirme para una boda civil","30","+50%","+50%","Låg","","","Sökordsförslag","other"
"como vestirme para una boda de dia","30","+100%","-33%","Låg","","","Sökordsförslag","other"
"delivery cercano","30","+100%","+33%","Låg","3.83","10.13","Sökordsförslag","delivery-generic"
"talleyrand catering","30","+100%","-33%","Låg","","","Sökordsförslag","catering"
"érick jacquin","30","-33%","-71%","Låg","","","Sökordsförslag","celebrity-chef"
"pedir comida a domicilio","20","0%","0%","Låg","2.95","19.27","Sökordsförslag","delivery-generic"
"pizzas a domicilio","20","-50%","-50%","Låg","","","Sökordsförslag","delivery-generic"
"pizza a domicilio cerca de mi","20","0%","0%","Låg","","","Sökordsförslag","delivery-generic"
"delivery 24 horas","20","-50%","0%","Låg","","","Sökordsförslag","delivery-generic"
"delivery de comida cerca","20","0%","+100%","Låg","0.32","11.49","Sökordsförslag","delivery-generic"
"restaurantes con delivery cerca de mi","20","0%","+100%","Låg","","","Sökordsförslag","delivery-generic"
"restaurantes con delivery","20","-50%","-50%","Låg","","","Sökordsförslag","delivery-generic"
"comida con delivery","20","+100%","0%","Låg","","","Sökordsförslag","delivery-generic"
"restaurantes cerca de mi con delivery","20","0%","+100%","Låg","","","Sökordsförslag","delivery-generic"
"delivery abierto ahora","20","0%","0%","Låg","","","Sökordsförslag","delivery-generic"
"pedidos market","20","-33%","+100%","Låg","2.46","3.05","Sökordsförslag","delivery-navigational"
"pizza con delivery cerca de mi","20","-67%","0%","Låg","","","Sökordsförslag","delivery-generic"
"restaurantes delivery cerca de mi","20","0%","0%","Låg","","","Sökordsförslag","delivery-generic"
"domicilio cerca de mi","20","0%","+100%","Låg","","","Sökordsförslag","delivery-generic"
"delivery pizza cerca de mi","20","-50%","0%","Låg","","","Sökordsförslag","delivery-generic"
"restaurante delivery cerca de mi","20","0%","0%","Låg","","","Sökordsförslag","delivery-generic"
"almuerzo delivery","20","0%","-75%","Låg","","","Sökordsförslag","delivery-generic"
"delivery de hamburguesas","20","-60%","-33%","Låg","","","Sökordsförslag","delivery-generic"
"comida con delivery cerca de mi ubicación","20","0%","0%","Låg","3.24","19.86","Sökordsförslag","delivery-generic"
"servicio de buffet para eventos","20","+100%","-33%","Låg","","","Sökordsförslag","catering"
"mini chef","20","+300%","+100%","Låg","","","Sökordsförslag","other"
"table chef","20","0%","-67%","Låg","","","Sökordsförslag","other"
"menu para bodas","20","0%","0%","Låg","","","Sökordsförslag","catering"
"acurio","20","+100%","+100%","Låg","","","Sökordsförslag","celebrity-chef"
"comidas con delivery","20","+100%","0%","Låg","","","Sökordsförslag","delivery-generic"
"servicio de catering precios por persona","20","0%","0%","Låg","","","Sökordsförslag","catering"
"lomitos delivery","20","-50%","-50%","Låg","","","Sökordsförslag","delivery-generic"
"chef auguste escoffier","20","+100%","+100%","Låg","","","Sökordsförslag","celebrity-chef"
"master chef colombia","20","+600%","+600%","Låg","","","Sökordsförslag","other"
"menú para bodas","20","0%","0%","Låg","","","Sökordsförslag","catering"
"delivery de almuerzos","20","0%","0%","Låg","","","Sökordsförslag","delivery-generic"
"delivery mas cercano","20","+200%","+200%","Låg","1.33","4.92","Sökordsförslag","delivery-generic"
"almuerzos cerca de mi ubicación","20","0%","0%","Låg","","","Sökordsförslag","delivery-generic"
"bocuse chef","20","+100%","+100%","Låg","","","Sökordsförslag","celebrity-chef"
"chef famosos","20","-33%","-33%","Låg","","","Sökordsförslag","celebrity-chef"
"chef mujer","20","0%","-50%","Låg","","","Sökordsförslag","chef"
"chef paul bocuse","20","+100%","+100%","Låg","","","Sökordsförslag","celebrity-chef"
"chefs mujeres","20","0%","-50%","Låg","","","Sökordsförslag","chef"
"como vestirse en una boda de dia","20","0%","+100%","Medel","","","Sökordsförslag","other"
"mejores chef del mundo","20","-33%","0%","Låg","","","Sökordsförslag","celebrity-chef"
"menu para una boda","20","0%","0%","Låg","","","Sökordsförslag","catering"
"mujer chef","20","0%","-50%","Låg","","","Sökordsförslag","chef"
"sushi cook","20","0%","0%","Låg","","","Sökordsförslag","chef"
"comida boda","10","0%","-100%","","","","Sökord som du har angett","catering"
"meal delivery","10","+∞","0%","Låg","","","Sökord som du har angett","delivery-generic"
"comida en casa","10","0%","0%","Låg","","","Sökord som du har angett","other"
"personal chef","10","0%","0%","Låg","","","Sökord som du har angett","chef"
"comida china a domicilio","10","0%","+∞","Låg","","","Sökordsförslag","delivery-generic"
"pedir mcdonald's a domicilio","10","+∞","0%","Låg","","","Sökordsförslag","delivery-navigational"
"catering service","10","0%","0%","Låg","","","Sökordsförslag","catering"
"pizza hut a domicilio","10","0%","0%","","","","Sökordsförslag","delivery-navigational"
"ecole ducasse","10","0%","+∞","Låg","","","Sökordsförslag","other"
"pedir comida","10","+100%","+100%","Låg","","","Sökordsförslag","delivery-generic"
"pedir pizza a domicilio","10","0%","0%","Låg","","","Sökordsförslag","delivery-generic"
"catering a domicilio","10","+∞","0%","Låg","","","Sökordsförslag","catering"
"home cook","10","0%","0%","Låg","","","Sökordsförslag","chef"
"pedir kfc a domicilio","10","0%","0%","Låg","","","Sökordsförslag","delivery-navigational"
"pedir a domicilio","10","+∞","0%","Låg","","","Sökordsförslag","delivery-generic"
"siete sopas delivery","10","0%","0%","","","","Sökordsförslag","delivery-navigational"
"comida a domicilio cerca de mí ubicación","10","0%","0%","Låg","","","Sökordsförslag","delivery-generic"
"pedir comida online","10","0%","-100%","","","","Sökordsförslag","delivery-generic"
"comida casera a domicilio","10","+∞","0%","Låg","","","Sökordsförslag","delivery-generic"
"domino's pizza a domicilio","10","-100%","0%","","","","Sökordsförslag","delivery-navigational"
"comida sana a domicilio","10","0%","-100%","","","","Sökordsförslag","delivery-generic"
"comida vegana a domicilio","10","0%","0%","","","","Sökordsförslag","delivery-generic"
"chino a domicilio","10","0%","0%","","","","Sökordsförslag","delivery-generic"
"pedir comida a domicilio cerca de mi","10","0%","0%","Låg","","","Sökordsförslag","delivery-generic"
"pizzas a domicilio cerca de mí ubicación","10","+∞","0%","Låg","","","Sökordsförslag","delivery-generic"
"comida preparada a domicilio","10","+∞","+∞","Låg","","","Sökordsförslag","delivery-generic"
"uber comida","10","+∞","+∞","Låg","","","Sökordsförslag","delivery-navigational"
"pedir comida china a domicilio","10","0%","0%","","","","Sökordsförslag","delivery-generic"
"dieta a domicilio","10","0%","-100%","","","","Sökordsförslag","delivery-generic"
"entrega de comida a domicilio","10","0%","+∞","Låg","","","Sökordsförslag","delivery-generic"
"comida saludable a domicilio","10","0%","0%","","","","Sökordsförslag","delivery-generic"
"comida semanal a domicilio","10","+∞","0%","Låg","","","Sökordsförslag","delivery-generic"
"cena a domicilio","10","-100%","0%","","","","Sökordsförslag","delivery-generic"
"comida rapida a domicilio","10","0%","+∞","Låg","","","Sökordsförslag","delivery-generic"
"pollo a domicilio","10","0%","0%","","","","Sökordsförslag","delivery-generic"
"ordenar comida a domicilio","10","0%","0%","","","","Sökordsförslag","delivery-generic"
"como organizar una boda","10","0%","-50%","Låg","","","Sökordsförslag","other"
"comida china a domicilio cerca de mí ubicación","10","0%","-100%","","","","Sökordsförslag","delivery-generic"
"catering brunch","10","-100%","-100%","","","","Sökordsförslag","catering"
"kfc pedidos ya","10","0%","0%","Låg","","","Sökordsförslag","delivery-navigational"
"comida cerca de mí delivery","10","0%","0%","Låg","","","Sökordsförslag","delivery-generic"
"comida en linea","10","+∞","0%","Låg","","","Sökordsförslag","delivery-generic"
"uber de comida","10","0%","0%","","","","Sökordsförslag","delivery-navigational"
"comida a casa","10","0%","0%","Låg","","","Sökordsförslag","delivery-generic"
"banquetes para eventos","10","0%","-100%","","","","Sökordsförslag","catering"
"grill chef","10","0%","0%","","","","Sökordsförslag","chef"
"paellas a domicilio","10","0%","0%","Låg","","","Sökordsförslag","delivery-generic"
"comida china a domicilio cerca de mí","10","0%","0%","","","","Sökordsförslag","delivery-generic"
"comida para pedir a domicilio","10","+100%","+100%","Låg","2.65","10.03","Sökordsförslag","delivery-generic"
"pedidos de comida a domicilio","10","0%","-67%","Medel","2.98","7.08","Sökordsförslag","delivery-generic"
"servicio de comida a domicilio","10","-50%","0%","Låg","","","Sökordsförslag","delivery-generic"
"comida china delivery","10","0%","0%","Låg","","","Sökordsförslag","delivery-generic"
"robot cook","10","0%","0%","Låg","","","Sökordsförslag","product-guide"
"comida a domicilio 24 horas","10","0%","0%","","","","Sökordsförslag","delivery-generic"
"petit chef","10","0%","+∞","Låg","","","Sökordsförslag","other"
"pedir comida a domicilio y pagar en efectivo","10","0%","0%","","","","Sökordsförslag","delivery-generic"
"empresas de catering","10","0%","-50%","Låg","","","Sökordsförslag","catering"
"restaurantes a domicilio","10","0%","+∞","Låg","","","Sökordsförslag","delivery-generic"
"catering pizza","10","+∞","0%","Låg","","","Sökordsförslag","catering"
"catering para cumpleaños","10","+∞","0%","Låg","","","Sökordsförslag","catering"
"comida 24 horas a domicilio","10","0%","0%","","","","Sökordsförslag","delivery-generic"
"comida para pedir","10","0%","0%","Låg","","","Sökordsförslag","delivery-generic"
"a domicilio cerca de mi","10","-100%","-100%","","","","Sökordsförslag","delivery-generic"
"comida vegetariana a domicilio","10","0%","0%","","","","Sökordsförslag","delivery-generic"
"uber comida a domicilio","10","0%","0%","","","","Sökordsförslag","delivery-navigational"
"comida a domicilio 24 horas cerca de mí","10","0%","0%","","","","Sökordsförslag","delivery-generic"
"catering para eventos pequeños","10","0%","0%","Låg","","","Sökordsförslag","catering"
"restaurantes a domicilio cerca de mi","10","-100%","0%","","","","Sökordsförslag","delivery-generic"
"pedir cena a domicilio","10","0%","+∞","Låg","","","Sökordsförslag","delivery-generic"
"catering santa cruz","10","0%","-100%","","","","Sökordsförslag","catering"
"comida china cerca de mí delivery","10","0%","0%","","","","Sökordsförslag","delivery-generic"
"servicio a domicilio cerca de mi","10","-100%","-100%","","","","Sökordsförslag","delivery-generic"
"comida entrega a domicilio","10","0%","0%","","","","Sökordsförslag","delivery-generic"
"menu a domicilio","10","0%","0%","","","","Sökordsförslag","delivery-generic"
"banquetes a domicilio","10","0%","0%","","","","Sökordsförslag","catering"
"comida para eventos","10","0%","0%","Låg","","","Sökordsförslag","catering"
"catering para bodas","10","0%","0%","Låg","","","Sökordsförslag","catering"
"catering sushi","10","0%","-100%","","","","Sökordsförslag","catering"
"pedir comida delivery","10","0%","+∞","Låg","","","Sökordsförslag","delivery-generic"
"catering para empresas","10","-100%","-100%","","","","Sökordsförslag","catering"
"banquetes para fiestas","10","0%","0%","","","","Sökordsförslag","catering"
"chef gourmet","10","-100%","-100%","","","","Sökordsförslag","chef"
"superchef","10","+100%","0%","Låg","","","Sökordsförslag","other"
"chef catering","10","0%","0%","","","","Sökordsförslag","catering"
"easy chef","10","+∞","+∞","Låg","","","Sökordsförslag","other"
"pedir comida en linea","10","0%","0%","","","","Sökordsförslag","delivery-generic"
"almuerzos a domicilio","10","0%","+∞","Låg","","","Sökordsförslag","delivery-generic"
"comida online a domicilio","10","-100%","0%","","","","Sökordsförslag","delivery-generic"
"pedir comida china","10","0%","0%","","","","Sökordsförslag","delivery-generic"
"pizza domicilio cerca de mi","10","0%","0%","","","","Sökordsförslag","delivery-generic"
"pedidos ya online","10","+100%","-33%","Låg","2.46","2.65","Sökordsförslag","delivery-navigational"
"comida rapida delivery","10","-50%","0%","Låg","","","Sökordsförslag","delivery-generic"
"comida china para llevar","10","0%","0%","Låg","","","Sökordsförslag","delivery-generic"
"comida a domicilio cerca","10","0%","0%","","","","Sökordsförslag","delivery-generic"
"sandwich a domicilio","10","-100%","0%","","","","Sökordsförslag","delivery-generic"
"comida a domicilio san antonio","10","+∞","0%","Låg","","","Sökordsförslag","delivery-generic"
"comida para casa","10","-100%","-100%","","","","Sökordsförslag","other"
"chef cuisine","10","+∞","+∞","Låg","","","Sökordsförslag","chef"
"comida domicilio cerca de mí","10","0%","0%","","","","Sökordsförslag","delivery-generic"
"quick chef tupperware","10","0%","0%","","","","Sökordsförslag","product-guide"
"catering eventos","10","0%","0%","Låg","","","Sökordsförslag","catering"
"comida 24 horas delivery","10","-50%","0%","Låg","","","Sökordsförslag","delivery-generic"
"pedir pizza a domicilio cerca de mi ubicación","10","0%","-100%","","","","Sökordsförslag","delivery-generic"
"pedidos ya descuentos","10","0%","0%","Låg","","","Sökordsförslag","delivery-navigational"
"doordash entrega de comida","10","0%","0%","","","","Sökordsförslag","delivery-navigational"
"repartidor de comida a domicilio","10","0%","-100%","","","","Sökordsförslag","other"
"domicilios comidas rápidas cerca de mi ubicación","10","0%","0%","","","","Sökordsförslag","delivery-generic"
"pedir pizza hut a domicilio","10","0%","0%","Låg","","","Sökordsförslag","delivery-navigational"
"delivery de pizza cerca de mi","10","0%","0%","Låg","","","Sökordsförslag","delivery-generic"
"japones a domicilio","10","0%","0%","","","","Sökordsförslag","delivery-generic"
"catering para fiestas","10","0%","0%","","","","Sökordsförslag","catering"
"pizza party zona oeste","10","0%","0%","","","","Sökordsförslag","catering"
"chef and dish","10","0%","0%","","","","Sökordsförslag","other"
"hamburguesas a domicilio cerca de mí ubicación","10","0%","+∞","Låg","","","Sökordsförslag","delivery-generic"
"encargar comida a domicilio","10","0%","-100%","","","","Sökordsförslag","delivery-generic"
"vip catering","10","0%","0%","","","","Sökordsförslag","catering"
"cena a domicilio cerca de mi","10","+∞","+∞","Låg","","","Sökordsförslag","delivery-generic"
"comida servicio a domicilio","10","0%","0%","","","","Sökordsförslag","delivery-generic"
"pedidos de comida","10","0%","0%","Låg","","","Sökordsförslag","delivery-generic"
"fast catering","10","+∞","0%","Låg","","","Sökordsförslag","catering"
"comida a domicilio ahora","10","-100%","0%","","","","Sökordsförslag","delivery-generic"
"comida por delivery","10","-100%","-100%","","","","Sökordsförslag","delivery-generic"
"delivery pago en efectivo","10","0%","0%","","","","Sökordsförslag","delivery-generic"
"catering san marcos","10","0%","0%","Låg","","","Sökordsförslag","catering"
"domicilios de comida cerca de mi","10","+∞","+∞","Låg","","","Sökordsförslag","delivery-generic"
"comida a domicilio abierto ahora","10","+∞","+∞","Hög","","","Sökordsförslag","delivery-generic"
"pedidos ya kentucky","10","0%","0%","","","","Sökordsförslag","delivery-navigational"
"chef robot","10","0%","0%","Låg","","","Sökordsförslag","product-guide"
"catering empresas","10","-100%","-100%","","","","Sökordsförslag","catering"
"almuerzos a domicilio cerca de mi","10","0%","0%","Låg","","","Sökordsförslag","delivery-generic"
"sitios para pedir a domicilio","10","0%","0%","","","","Sökordsförslag","delivery-generic"
"comida barata a domicilio","10","0%","0%","","","","Sökordsförslag","delivery-generic"
"delivery a domicilio","10","0%","0%","Låg","","","Sökordsförslag","delivery-generic"
"comida para pedir a domicilio cerca de mí","10","0%","-100%","","","","Sökordsförslag","delivery-generic"
"lechef","10","0%","0%","Låg","","","Sökordsförslag","other"
"servicio de comida para eventos","10","0%","0%","Låg","","","Sökordsförslag","catering"
"pedir comida cerca de mi","10","+∞","+∞","Låg","","","Sökordsförslag","delivery-generic"
"comida para entregar a domicilio","10","0%","0%","","","","Sökordsförslag","delivery-generic"
"delivery de starbucks","10","0%","0%","","","","Sökordsförslag","delivery-navigational"
"catering empresarial","10","-100%","-100%","","","","Sökordsförslag","catering"
"servicio de catering a domicilio","10","0%","+∞","Låg","","","Sökordsförslag","catering"
"my catering","10","0%","0%","","","","Sökordsförslag","catering"
"comida delivery cerca de mi ubicación","10","+100%","+100%","Låg","","","Sökordsförslag","delivery-generic"
"comida para pedir cerca de mi","10","0%","+∞","Låg","","","Sökordsförslag","delivery-generic"
"comida rapida a domicilio cerca de mi","10","0%","0%","","","","Sökordsförslag","delivery-generic"
"pasta a domicilio","10","0%","0%","Låg","","","Sökordsförslag","delivery-generic"
"comida saludable delivery","10","0%","0%","Låg","","","Sökordsförslag","delivery-generic"
"delivery san miguel","10","+∞","0%","Låg","","","Sökordsförslag","delivery-generic"
"catering boda","10","-100%","-100%","","","","Sökordsförslag","catering"
"paellas a domicilio cerca de mí","10","+∞","+∞","Låg","","","Sökordsförslag","delivery-generic"
"comida saludable a domicilio cerca de mí","10","0%","0%","","","","Sökordsförslag","delivery-generic"
"catering cumpleaños","10","0%","0%","Låg","","","Sökordsförslag","catering"
"comida cerca de mi con delivery","10","-100%","0%","","","","Sökordsförslag","delivery-generic"
"bocadillos a domicilio","10","0%","0%","","","","Sökordsförslag","delivery-generic"
"comida para ordenar cerca de mi","10","0%","0%","","","","Sökordsförslag","delivery-generic"
"comida para eventos a domicilio","10","0%","0%","","","","Sökordsförslag","catering"
"pide comida a domicilio","10","0%","0%","","","","Sökordsförslag","delivery-generic"
"cenas a domicilio","10","-100%","0%","","","","Sökordsförslag","delivery-generic"
"catering para bodas precios","10","0%","-100%","","","","Sökordsförslag","catering"
"comida para delivery","10","0%","0%","Medel","","","Sökordsförslag","delivery-generic"
"comida coreana a domicilio","10","0%","0%","","","","Sökordsförslag","delivery-generic"
"empresas de catering para eventos","10","0%","-100%","","","","Sökordsförslag","catering"
"pollo asado delivery","10","0%","0%","Låg","","","Sökordsförslag","delivery-generic"
"comida para traer a casa","10","+∞","+∞","Låg","","","Sökordsförslag","delivery-generic"
"comida casera a domicilio cerca de mí","10","0%","0%","","","","Sökordsförslag","delivery-generic"
"catering premium","10","-100%","0%","","","","Sökordsförslag","catering"
"ofertas de comida a domicilio","10","0%","0%","","","","Sökordsförslag","delivery-generic"
"comida peruana delivery","10","-100%","0%","","","","Sökordsförslag","delivery-generic"
"catering corporativo","10","0%","0%","Låg","","","Sökordsförslag","catering"
"comidas rápidas cerca de mi ubicación","10","0%","0%","Låg","5.90","14.55","Sökordsförslag","delivery-generic"
"pizzas cerca de mí a domicilio","10","+∞","+∞","Låg","","","Sökordsförslag","delivery-generic"
"comida fit a domicilio","10","0%","+∞","Låg","","","Sökordsförslag","delivery-generic"
"pedidos ya helados","10","0%","0%","Låg","","","Sökordsförslag","delivery-navigational"
"chef privado","10","0%","+100%","Låg","","","Sökordsförslag","chef"
"sopas delivery","10","0%","0%","","","","Sökordsförslag","delivery-generic"
"hamburguesa a domicilio cerca de mi","10","+∞","0%","Låg","","","Sökordsförslag","delivery-generic"
"domicilios de comida","10","0%","0%","","","","Sökordsförslag","delivery-generic"
"comida para domicilio","10","0%","0%","","","","Sökordsförslag","delivery-generic"
"one chef","10","0%","0%","","","","Sökordsförslag","other"
"servicio de comida a domicilio cerca de mi ubicación","10","+∞","+∞","Låg","","","Sökordsförslag","delivery-generic"
"pizzas baratas a domicilio","10","0%","0%","","","","Sökordsförslag","delivery-generic"
"servicio delivery","10","0%","0%","Låg","","","Sökordsförslag","delivery-generic"
"comida diaria a domicilio","10","+∞","+∞","Låg","","","Sökordsförslag","delivery-generic"
"restaurante con delivery cerca de mí","10","0%","0%","","","","Sökordsförslag","delivery-generic"
"comida a domicilio near me","10","0%","0%","Låg","","","Sökordsförslag","delivery-generic"
"comida a domicilio en mi ubicación","10","0%","0%","","","","Sökordsförslag","delivery-generic"
"delivery de comida 24 horas","10","+∞","0%","Låg","","","Sökordsförslag","delivery-generic"
"pizza entrega a domicilio","10","-100%","0%","","","","Sökordsförslag","delivery-generic"
"mostaza pedidos ya","10","0%","0%","Medel","","","Sökordsförslag","delivery-navigational"
"pedidos de pizza a domicilio","10","0%","0%","Låg","","","Sökordsförslag","delivery-generic"
"pedidos a domicilio cerca de mi","10","0%","0%","","","","Sökordsförslag","delivery-generic"
"servicio de catering para empresas","10","-100%","0%","","","","Sökordsförslag","catering"
"domicilios comida","10","0%","0%","","","","Sökordsförslag","delivery-generic"
"comida a domicilio cerca de mí ubicación actual","10","0%","0%","","","","Sökordsförslag","delivery-generic"
"comida domicilio cerca de mi ubicación","10","0%","0%","","","","Sökordsförslag","delivery-generic"
"restaurante con delivery cerca de mi ubicación","10","0%","0%","Låg","","","Sökordsförslag","delivery-generic"
"comida china delivery cerca de mí","10","0%","0%","","","","Sökordsförslag","delivery-generic"
"comida gourmet a domicilio","10","0%","0%","","","","Sökordsförslag","delivery-generic"
"comida mensual a domicilio","10","-100%","0%","","","","Sökordsförslag","delivery-generic"
"entrega a domicilio comida","10","0%","0%","","","","Sökordsförslag","delivery-generic"
"se puede pedir mcdonald's a domicilio","10","0%","0%","","","","Sökordsförslag","delivery-navigational"
"colaciones a domicilio","10","0%","0%","","","","Sökordsförslag","delivery-generic"
"envio de comida a domicilio","10","-100%","0%","","","","Sökordsförslag","delivery-generic"
"catering desayunos","10","-100%","-100%","","","","Sökordsförslag","catering"
"comida rappi","10","-100%","-100%","","","","Sökordsförslag","delivery-navigational"
"para pedir pizza a domicilio","10","0%","0%","Låg","","","Sökordsförslag","delivery-generic"
"como organizar una boda sencilla","10","+∞","+∞","Låg","","","Sökordsförslag","other"
"top chef telemundo","10","+∞","0%","Låg","","","Sökordsförslag","other"
"be chef","10","+∞","0%","Låg","","","Sökordsförslag","other"
"catering fit","10","0%","0%","","","","Sökordsförslag","catering"
"restaurante a domicilio cerca","10","0%","0%","","","","Sökordsförslag","delivery-generic"
"comida hecha a domicilio","10","0%","0%","","","","Sökordsförslag","delivery-generic"
"mcdonalds envio a domicilio","10","-100%","0%","","","","Sökordsförslag","delivery-navigational"
"infinity chefs","10","0%","+∞","Låg","","","Sökordsförslag","product-guide"
"top chef vip telemundo","10","0%","+∞","Låg","","","Sökordsförslag","other"
"comida para llevar cerca","10","+∞","+∞","Låg","","","Sökordsförslag","delivery-generic"
"catering para 50 personas precios","10","0%","-50%","Låg","","","Sökordsförslag","catering"
"empresa catering","10","-100%","-100%","","","","Sökordsförslag","catering"
"lugares para pedir comida a domicilio","10","0%","0%","","","","Sökordsförslag","delivery-generic"
"delivery para restaurantes","10","-100%","-100%","","","","Sökordsförslag","other"
"comida vegana delivery","10","0%","0%","","","","Sökordsförslag","delivery-generic"
"pedir delivery mcdonalds","10","0%","0%","Låg","","","Sökordsförslag","delivery-navigational"
"servicio de lunch","10","0%","0%","Låg","","","Sökordsförslag","catering"
"catering coffee break","10","0%","0%","Låg","","","Sökordsförslag","catering"
"catering precios","10","+∞","+∞","Låg","","","Sökordsförslag","catering"
"delivery de comida near me","10","0%","0%","","","","Sökordsförslag","delivery-generic"
"comida delivery abierto ahora","10","0%","+∞","Låg","","","Sökordsförslag","delivery-generic"
"catering para cumpleaños adultos","10","+∞","0%","Låg","","","Sökordsförslag","catering"
"chef en casa","10","0%","0%","Låg","","","Sökordsförslag","chef"
"servicio de catering precios","10","0%","0%","Låg","","","Sökordsförslag","catering"
"delivery san miguel 24 horas","10","-100%","0%","","","","Sökordsförslag","delivery-generic"
"entrega de comida a domicilio cerca de mi","10","-100%","0%","","","","Sökordsförslag","delivery-generic"
"comida para llevar cerca de mi ubicación","10","0%","0%","Låg","","","Sökordsförslag","delivery-generic"
"catering para eventos precios","10","+∞","+∞","Låg","","","Sökordsförslag","catering"
"bodas com mx app","10","0%","0%","","","","Sökordsförslag","other"
"pizza servicio a domicilio","10","0%","0%","","","","Sökordsförslag","delivery-generic"
"restaurantes cerca de mi delivery","10","0%","0%","","","","Sökordsförslag","delivery-generic"
"comida casa","10","0%","0%","Låg","","","Sökordsförslag","other"
"pedir comida ahora","10","-100%","0%","","","","Sökordsförslag","delivery-generic"
"restaurantes domicilio cerca de mi","10","0%","0%","","","","Sökordsförslag","delivery-generic"
"cocina a domicilio","10","-100%","0%","","","","Sökordsförslag","chef"
"antonio bachour","10","0%","0%","Låg","","","Sökordsförslag","celebrity-chef"
"comida de entrega a domicilio","10","0%","+∞","Låg","","","Sökordsförslag","delivery-generic"
"pedir bocadillos a domicilio","10","0%","0%","","","","Sökordsförslag","delivery-generic"
"pizza hut entrega a domicilio","10","+∞","+∞","Låg","","","Sökordsförslag","delivery-navigational"
"comida llevar cerca de mi","10","0%","0%","","","","Sökordsförslag","delivery-generic"
"pide ya delivery","10","-100%","0%","","","","Sökordsförslag","delivery-navigational"
"comidas rápidas 24 horas","10","0%","+∞","Låg","","","Sökordsförslag","delivery-generic"
"traer comida a domicilio","10","+∞","+∞","Låg","","","Sökordsförslag","delivery-generic"
"catering para eventos a domicilio","10","0%","0%","","","","Sökordsförslag","catering"
"repartir comida","10","0%","-100%","","","","Sökordsförslag","other"
"go catering","10","+∞","+∞","Låg","","","Sökordsförslag","catering"
"pedidos comida","10","0%","0%","Låg","","","Sökordsförslag","delivery-generic"
"inscribirse en pedidos ya","10","-100%","-100%","","","","Sökordsförslag","delivery-navigational"
"catering para eventos empresariales","10","0%","0%","","","","Sökordsförslag","catering"
"comidas online delivery","10","0%","-100%","","","","Sökordsförslag","delivery-generic"
"restaurantes cercanos con entrega a domicilio","10","+∞","+∞","Låg","","","Sökordsförslag","delivery-generic"
"paginas para pedir comida","10","0%","0%","","","","Sökordsförslag","delivery-generic"
"pizza 24 horas delivery","10","0%","0%","","","","Sökordsförslag","delivery-generic"
"paginas de comida a domicilio","10","0%","0%","","","","Sökordsförslag","delivery-generic"
"catering cumpleaños infantil","10","0%","0%","Låg","","","Sökordsförslag","catering"
"pedidos ya san bernardo","10","0%","0%","","","","Sökordsförslag","delivery-navigational"
"comida casera para llevar","10","0%","-100%","","","","Sökordsförslag","delivery-generic"
"royalcatering","10","0%","0%","","","","Sökordsförslag","product-guide"
"comida para domicilio cerca de mi","10","0%","0%","","","","Sökordsförslag","delivery-generic"
"comida para delivery cerca de mi","10","0%","0%","Låg","","","Sökordsförslag","delivery-generic"
"catering para bodas pequeñas","10","0%","0%","","","","Sökordsförslag","catering"
"catering para eventos corporativos","10","+∞","+∞","Låg","","","Sökordsförslag","catering"
"pizza hut delivery cerca de mi","10","+∞","0%","Låg","","","Sökordsförslag","delivery-navigational"
"delivery en new york","10","0%","0%","","","","Sökordsförslag","delivery-generic"
"pedidos de comida delivery","10","0%","+∞","Låg","","","Sökordsförslag","delivery-generic"
"catering de comida","10","0%","0%","Låg","","","Sökordsförslag","catering"
"precio de banquetes para 100 personas","10","-100%","-100%","","","","Sökordsförslag","catering"
"diner catering","10","0%","0%","","","","Sökordsförslag","catering"
"comida rápida cerca de mí a domicilio","10","0%","0%","","","","Sökordsförslag","delivery-generic"
"comida catering","10","+∞","0%","Låg","","","Sökordsförslag","catering"
"servicio a domicilio de comida","10","0%","0%","","","","Sökordsförslag","delivery-generic"
"comida de delivery","10","+∞","+∞","Låg","","","Sökordsförslag","delivery-generic"
"dominos entrega a domicilio","10","+∞","+∞","Låg","","","Sökordsförslag","delivery-navigational"
"arepas a domicilio","10","0%","0%","","","","Sökordsförslag","delivery-generic"
"escoffier le guide culinaire","10","0%","0%","","","","Sökordsförslag","product-guide"
"comida express cerca de mi","10","0%","0%","","","","Sökordsförslag","delivery-generic"
"comida saludable semanal a domicilio","10","0%","0%","","","","Sökordsförslag","delivery-generic"
"como organizar una boda civil","10","+∞","0%","Låg","","","Sökordsförslag","other"
"domicilios hamburguesas","10","0%","0%","","","","Sökordsförslag","delivery-generic"
"pedir delivery kfc","10","0%","0%","","","","Sökordsförslag","delivery-navigational"
"catering comida","10","+∞","0%","Låg","","","Sökordsförslag","catering"
"pizza cerca de mí delivery","10","-100%","-100%","","","","Sökordsförslag","delivery-generic"
"restaurantes para pedir a domicilio","10","0%","0%","","","","Sökordsförslag","delivery-generic"
"catering para 20 personas precio","10","0%","-100%","","","","Sökordsförslag","catering"
"paginas para pedir comida a domicilio","10","0%","0%","","","","Sökordsförslag","delivery-generic"
"compañias de delivery","10","-100%","0%","","","","Sökordsförslag","delivery-generic"
"servicio catering a domicilio","10","+∞","0%","Låg","","","Sökordsförslag","catering"
"pedidos ya pizzas","10","0%","0%","Låg","","","Sökordsförslag","delivery-navigational"
"catering eventos corporativos","10","0%","-100%","","","","Sökordsförslag","catering"
"comida a delivery","10","0%","0%","","","","Sökordsförslag","delivery-generic"
"catering pizza party","10","0%","0%","","","","Sökordsförslag","catering"
"comida sin sal a domicilio","10","0%","-100%","","","","Sökordsförslag","delivery-generic"
"servicio de comida saludable a domicilio","10","0%","0%","","","","Sökordsförslag","delivery-generic"
"catering vegano","10","0%","0%","","","","Sökordsförslag","catering"
"hamburguesa a domicilio cerca de mí","10","+∞","0%","Låg","","","Sökordsförslag","delivery-generic"
"pizza pedidosya","10","+∞","0%","Låg","","","Sökordsförslag","delivery-navigational"
"pizza hut pedidos ya","10","0%","0%","Låg","","","Sökordsförslag","delivery-navigational"
"chef in dish","10","0%","0%","","","","Sökordsförslag","other"
"chef station","10","0%","0%","","","","Sökordsförslag","other"
"catering escolar","10","0%","0%","","","","Sökordsförslag","catering"
"pedir almuerzo a domicilio","10","+∞","+∞","Medel","","","Sökordsförslag","delivery-generic"
"catering para comuniones","10","0%","0%","","","","Sökordsförslag","catering"
"sopas a domicilio","10","-100%","0%","","","","Sökordsförslag","delivery-generic"
"pizzas para llevar","10","0%","0%","Låg","","","Sökordsförslag","delivery-generic"
"delivery comida china cerca de mi","10","-100%","0%","","","","Sökordsförslag","delivery-generic"
"catering cocktail","10","0%","0%","","","","Sökordsförslag","catering"
"pizza 24 horas a domicilio","10","0%","0%","","","","Sökordsförslag","delivery-generic"
"comida en delivery","10","0%","0%","Låg","","","Sökordsförslag","delivery-generic"
"catering para 30 personas","10","0%","0%","","","","Sökordsförslag","catering"
"catering y eventos","10","0%","0%","Låg","","","Sökordsförslag","catering"
"papas fritas delivery","10","0%","0%","Låg","","","Sökordsförslag","delivery-generic"
"tupperware chef","10","0%","0%","Låg","","","Sökordsförslag","product-guide"
"comida take away cerca de mi","10","0%","0%","","","","Sökordsförslag","delivery-generic"
"buffet para bodas","10","-100%","-100%","","","","Sökordsförslag","catering"
"pizza pedir a domicilio","10","0%","0%","","","","Sökordsförslag","delivery-generic"
"ensaladas delivery","10","0%","-100%","","","","Sökordsförslag","delivery-generic"
"servicio de coffee break precio","10","0%","-100%","","","","Sökordsförslag","catering"
"comida uber","10","0%","0%","","","","Sökordsförslag","delivery-navigational"
"comida dietetica a domicilio","10","0%","0%","","","","Sökordsförslag","delivery-generic"
"comida china para llevar a domicilio","10","+∞","+∞","Låg","","","Sökordsförslag","delivery-generic"
"catering healthy","10","0%","0%","","","","Sökordsförslag","catering"
"servicio a domicilio 24 horas","10","0%","0%","","","","Sökordsförslag","delivery-generic"
"pizza para pedir a domicilio","10","0%","-100%","","","","Sökordsförslag","delivery-generic"
"comida rapida cerca de mi con delivery","10","+∞","+∞","Låg","","","Sökordsförslag","delivery-generic"
"comida china con delivery","10","0%","0%","Låg","","","Sökordsförslag","delivery-generic"
"massimo bottura","10","0%","0%","Låg","","","Sökordsförslag","celebrity-chef"
"pedidos ya comercio","10","0%","+∞","Låg","","","Sökordsförslag","delivery-navigational"
"catering zona norte","10","0%","0%","","","","Sökordsförslag","catering"
"comida rapida con delivery cerca de mi","10","0%","0%","Låg","","","Sökordsförslag","delivery-generic"
"catering para 30 personas precio","10","0%","-100%","","","","Sökordsförslag","catering"
"como organizar mi boda","10","0%","0%","Låg","","","Sökordsförslag","other"
"servicio a domicilio comida cerca de mi","10","0%","0%","","","","Sökordsförslag","delivery-generic"
"como organizar una boda sencilla y económica","10","0%","0%","Låg","","","Sökordsförslag","other"
"lugares para pedir comida","10","-100%","-100%","","","","Sökordsförslag","delivery-generic"
"buffet para eventos precios","10","-100%","-100%","","","","Sökordsförslag","catering"
"comida preparada para llevar","10","0%","0%","","","","Sökordsförslag","delivery-generic"
"chef in house","10","-100%","0%","","","","Sökordsförslag","chef"
"catering para cumpleaños en casa","10","0%","0%","","","","Sökordsförslag","catering"
"pedidos pizza hut a domicilio","10","0%","0%","","","","Sökordsförslag","delivery-navigational"
"entrega a domicilio cerca de mi","10","0%","+∞","Låg","","","Sökordsförslag","delivery-generic"
"kebabs a domicilio","10","0%","0%","","","","Sökordsförslag","delivery-generic"
"pizza cerca de mi con delivery","10","0%","+∞","Låg","","","Sökordsförslag","delivery-generic"
"telemundo top chef","10","+∞","0%","Låg","","","Sökordsförslag","other"
"delivery de comida china","10","0%","+∞","Låg","","","Sökordsförslag","delivery-generic"
"chef bot","10","0%","0%","","","","Sökordsförslag","product-guide"
"servicio de comida","10","-100%","-100%","","","","Sökordsförslag","other"
"pedidos ya san fernando","10","-100%","0%","","","","Sökordsförslag","delivery-navigational"
"comida ahora abierto","10","+∞","+∞","Låg","","","Sökordsförslag","delivery-generic"
"comida para pedir delivery","10","+∞","+∞","Låg","","","Sökordsförslag","delivery-generic"
"chef private","10","-100%","-100%","","","","Sökordsförslag","chef"
"catering para 10 personas","10","-100%","-100%","","","","Sökordsförslag","catering"
"servicios de coffee break","10","+100%","+100%","Låg","","","Sökordsförslag","catering"
"catering de pizzas","10","0%","0%","Låg","","","Sökordsförslag","catering"
"pizzas para llevar cerca de mi","10","0%","0%","Låg","","","Sökordsförslag","delivery-generic"
"the catering","10","0%","-100%","","","","Sökordsförslag","catering"
"reparto de comida","10","0%","0%","","","","Sökordsförslag","delivery-generic"
"precio catering boda","10","+∞","0%","Låg","","","Sökordsförslag","catering"
"catering barato","10","0%","0%","","","","Sökordsförslag","catering"
"comida pedir a domicilio","10","0%","0%","","","","Sökordsförslag","delivery-generic"
"entrega de pizzas a domicilio","10","0%","-100%","","","","Sökordsförslag","delivery-generic"
"cocteleria para eventos","10","0%","0%","","","","Sökordsförslag","catering"
"comida para bodas","10","0%","0%","Låg","","","Sökordsförslag","catering"
"delivery de comida china cerca de mi","10","+∞","0%","Låg","","","Sökordsförslag","delivery-generic"
"servicio de coffee break para eventos","10","0%","+∞","Låg","","","Sökordsförslag","catering"
"a domicilio comida","10","-100%","0%","","","","Sökordsförslag","delivery-generic"
"chef saludable","10","0%","0%","","","","Sökordsförslag","chef"
"pizza delivery cerca","10","+∞","+∞","Låg","","","Sökordsförslag","delivery-generic"
"pedidos ya ayuda en linea","10","+∞","0%","Låg","","","Sökordsförslag","delivery-navigational"
"delivery de comida saludable","10","0%","-100%","","","","Sökordsförslag","delivery-generic"
"coffee break a domicilio","10","0%","0%","","","","Sökordsförslag","catering"
"gusto chef","10","0%","0%","","","","Sökordsförslag","other"
"pedir comida a domicilio 24 horas","10","0%","0%","","","","Sökordsförslag","delivery-generic"
"hamburguesas delivery 24 horas","10","0%","0%","","","","Sökordsförslag","delivery-generic"
"servicio de catering para eventos precios","10","-100%","0%","","","","Sökordsförslag","catering"
"telemundo top chef vip","10","+∞","0%","Låg","","","Sökordsförslag","other"
"empresas de comedores escolares","10","0%","0%","","","","Sökordsförslag","catering"
"restaurante popeyes","10","-100%","0%","","","","Sökordsförslag","brand-restaurant"
"catering para eventos zona sur","10","0%","0%","","","","Sökordsförslag","catering"
"servicio de banquetes para eventos","10","0%","0%","","","","Sökordsförslag","catering"
"chef digital","10","0%","0%","","","","Sökordsförslag","other"
"pedido pizza a domicilio","10","-100%","0%","","","","Sökordsförslag","delivery-generic"
"pedidos ya pagos","10","0%","-100%","","","","Sökordsförslag","delivery-navigational"
"catering vegetariano","10","0%","0%","","","","Sökordsförslag","catering"
"comida para eventos pequeños","10","0%","0%","","","","Sökordsförslag","catering"
"delivery de comida san juan","10","0%","0%","","","","Sökordsförslag","delivery-generic"
"barbecue chef","10","-100%","0%","","","","Sökordsförslag","chef"
"eventos catering","10","0%","+∞","Låg","","","Sökordsförslag","catering"
