list,keyword,volume,change_3m,change_yoy,competition,bid_low,bid_high,section,class
"1","sopa paraguaya","8100","+49%","-18%","Låg","","","Sökordsförslag","recipe"
"1","sopa paraguayas","8100","+49%","-18%","Låg","","","Sökordsförslag","recipe"
"1","sopa paraguayo","8100","+49%","-18%","Låg","","","Sökordsförslag","recipe"
"1","sopa py","8100","+49%","-18%","Låg","","","Sökordsförslag","recipe"
"1","sopa pya","8100","+49%","-18%","Låg","","","Sökordsförslag","recipe"
"1","chipa guazu","6600","+23%","-18%","Låg","","","Sökordsförslag","recipe"
"1","mbejû","6600","-45%","-33%","Låg","","","Sökordsförslag","recipe"
"1","comida tipica de paraguay","4400","0%","-18%","Låg","","","Sökordsförslag","recipe"
"1","tortilla paraguay","2400","+21%","0%","Låg","","","Sökordsförslag","recipe"
"1","mbeju receta","1900","-57%","-21%","Låg","","","Sökord som du har angett","recipe"
"1","sopa paraguaya receta","1600","+23%","-16%","Låg","","","Sökord som du har angett","recipe"
"1","ingrediente para chipa","1600","-28%","-28%","Låg","","","Sökordsförslag","recipe"
"1","receta de la sopa paraguaya","1600","+23%","-33%","Låg","","","Sökordsförslag","recipe"
"1","receta de chipa","1300","-18%","-28%","Låg","","","Sökord som du har angett","recipe"
"1","chipas paraguayas","1300","0%","-16%","Låg","","","Sökordsförslag","recipe"
"1","comidas del paraguay","1300","+23%","-16%","Låg","","","Sökordsförslag","recipe"
"1","receta de chipas","1300","-18%","-28%","Låg","","","Sökordsförslag","recipe"
"1","receta de mbeju","1300","-56%","-33%","Låg","","","Sökordsförslag","recipe"
"1","chipa guazu receta","1000","0%","-12%","Låg","","","Sökord som du har angett","recipe"
"1","comidas típicas paraguay","1000","0%","-19%","Låg","","","Sökordsförslag","recipe"
"1","ingredientes para mbeju","1000","-45%","-16%","Låg","","","Sökordsförslag","recipe"
"1","paraguay comida tipica","1000","0%","-19%","Låg","","","Sökordsförslag","recipe"
"1","reviro paraguay","1000","0%","0%","Låg","","","Sökordsförslag","recipe"
"1","mbeju ingredientes","880","-54%","-54%","Låg","","","Sökordsförslag","recipe"
"1","chipa almidon","720","+22%","-28%","Låg","","","Sökordsförslag","recipe"
"1","chipa almidón","720","+22%","-28%","Låg","","","Sökordsförslag","recipe"
"1","comidas típicas del paraguay","720","+81%","-19%","Låg","","","Sökordsförslag","recipe"
"1","mbeyú","720","-55%","-28%","Låg","","","Sökordsförslag","recipe"
"1","receta de chipa guazu","720","+22%","-18%","Låg","","","Sökordsförslag","recipe"
"1","receta de chipa paraguaya","720","-34%","0%","Låg","","","Sökordsförslag","recipe"
"1","receta de chipa paraguayo","720","-34%","0%","Låg","","","Sökordsförslag","recipe"
"1","receta de chipas paraguayas","720","-34%","0%","Låg","","","Sökordsförslag","recipe"
"1","vori vori de pollo","720","0%","0%","Låg","1.57","2.56","Sökordsförslag","recipe"
"1","ingrediente de la sopa paraguaya","590","+120%","0%","Låg","","","Sökordsförslag","recipe"
"1","puchero paraguayo","590","-18%","-18%","Låg","","","Sökordsförslag","recipe"
"1","receta de chipa paraguaya mestizo","590","+24%","-46%","Låg","","","Sökordsförslag","recipe"
"1","comidas típicas de paraguay","480","0%","0%","Låg","","","Sökordsförslag","recipe"
"1","ingrediente sopa paraguaya","480","+126%","-12%","Låg","","","Sökordsförslag","recipe"
"1","mbeju mestizo","480","-52%","-33%","Låg","","","Sökordsförslag","recipe"
"1","sopa paraguaya 1kg receta","480","+84%","-33%","Låg","","","Sökordsförslag","recipe"
"1","chipa receta","390","0%","-33%","Låg","","","Sökordsförslag","recipe"
"1","10 comidas típicas de paraguay","390","+14%","-23%","Låg","","","Sökordsförslag","recipe"
"1","20 comidas típicas del paraguay","390","0%","-45%","Låg","","","Sökordsförslag","recipe"
"1","chipa como hacer","390","-35%","-47%","Låg","","","Sökordsförslag","recipe"
"1","chipa de almidón","390","0%","-34%","Låg","","","Sökordsförslag","recipe"
"1","chipa guazu ingredientes","390","+50%","-33%","Låg","","","Sökordsförslag","recipe"
"1","chipas receta","390","0%","-33%","Låg","","","Sökordsförslag","recipe"
"1","chipitas receta","390","0%","-33%","Låg","","","Sökordsförslag","recipe"
"1","ingrediente de la chipa","390","+50%","-34%","Låg","","","Sökordsförslag","recipe"
"1","ingrediente para sopa paraguaya","390","+22%","-61%","Låg","","","Sökordsförslag","recipe"
"1","receta de chipa mestizo","390","-19%","0%","Låg","","","Sökordsförslag","recipe"
"1","chipa mestizo ingredientes","320","+22%","-21%","Låg","","","Sökordsförslag","recipe"
"1","como hacer asado a la olla","320","-18%","-18%","Låg","","","Sökordsförslag","meat-cooking"
"1","jopara receta","320","0%","-50%","Låg","","","Sökordsförslag","recipe"
"1","pireca receta","320","-33%","-33%","Låg","","","Sökordsförslag","recipe"
"1","receta chipa guazu","320","0%","0%","Låg","","","Sökordsförslag","recipe"
"1","receta de bori bori","320","+22%","-34%","Låg","0.98","1.97","Sökordsförslag","recipe"
"1","receta de chipa mestizo de 2 kilos","320","+29%","+29%","Låg","","","Sökordsförslag","recipe"
"1","receta de chipa paraguaya de 2 kilos","320","-55%","+400%","Låg","","","Sökordsförslag","recipe"
"1","receta de mbeju mestizo","320","-64%","-33%","Låg","","","Sökordsförslag","recipe"
"1","receta mbeju","320","-71%","-34%","Låg","","","Sökordsförslag","recipe"
"1","vori vori receta","260","+22%","0%","Låg","1.18","2.06","Sökord som du har angett","recipe"
"1","chipa en licuadora","260","-35%","-47%","Låg","","","Sökordsförslag","recipe"
"1","ingrediente de la chipa paraguaya","260","+50%","-46%","Låg","","","Sökordsförslag","recipe"
"1","ingrediente para chipa guazu","260","0%","-33%","Låg","","","Sökordsförslag","recipe"
"1","sopa paraguaya receta original","260","0%","-46%","Låg","","","Sökordsförslag","recipe"
"1","kiveve receta","210","+129%","-33%","Låg","","","Sökord som du har angett","recipe"
"1","alfajores paraguayos","210","+52%","+23%","Låg","","","Sökordsförslag","recipe"
"1","chipa guasu receta","210","0%","+86%","Låg","","","Sökordsförslag","recipe"
"1","chipa ingredientes","210","+24%","-34%","Låg","","","Sökordsförslag","recipe"
"1","chipa paraguaya receta original","210","+57%","-48%","Låg","","","Sökordsförslag","recipe"
"1","chipa paraguayo receta original","210","+57%","-48%","Låg","","","Sökordsförslag","recipe"
"1","comida tradicional de paraguay","210","+85%","0%","Låg","","","Sökordsförslag","recipe"
"1","comidas de paraguay","210","0%","-19%","Låg","","","Sökordsförslag","recipe"
"1","ingrediente de chipa","210","+55%","-19%","Låg","","","Sökordsförslag","recipe"
"1","ingredientes de mbeju","210","-46%","-19%","Låg","","","Sökordsförslag","recipe"
"1","payagua mascada receta","210","-87%","+21%","Låg","","","Sökordsförslag","recipe"
"1","preparacion de chipa","210","0%","-34%","Låg","","","Sökordsförslag","recipe"
"1","receta de chipa almidon","210","0%","-19%","Låg","","","Sökordsförslag","recipe"
"1","receta de tortilla paraguaya","210","0%","-19%","Låg","","","Sökordsförslag","recipe"
"1","receta del bori bori","210","0%","-33%","Låg","","","Sökordsförslag","recipe"
"1","ingrediente para chipa mestizo","170","+40%","+40%","Låg","","","Sökordsförslag","recipe"
"1","ingredientes receta de chipa paraguaya","170","+27%","-56%","Låg","","","Sökordsförslag","recipe"
"1","manteca paraguaya","170","-19%","-19%","Låg","","","Sökordsförslag","recipe"
"1","receta de chipa de almidon","170","0%","-18%","Låg","","","Sökordsförslag","recipe"
"1","receta de chipa en guaraní","170","0%","-35%","Låg","","","Sökordsförslag","recipe"
"1","receta de la chipa paraguaya","170","+57%","-35%","Låg","","","Sökordsförslag","recipe"
"1","receta de sopa paraguaya de 500 gramos","170","+91%","0%","Låg","","","Sökordsförslag","recipe"
"1","sopa paraguaya esponjosa","170","0%","-48%","Låg","","","Sökordsförslag","recipe"
"1","torta paraguaya","170","-71%","-18%","Låg","","","Sökordsförslag","recipe"
"1","chipa casera","140","+27%","+27%","Låg","","","Sökordsförslag","recipe"
"1","chipa casero","140","+27%","+27%","Låg","","","Sökordsförslag","recipe"
"1","chipa como se hace","140","-18%","-18%","Låg","","","Sökordsförslag","recipe"
"1","chipa paraguaya ingredientes","140","+27%","+56%","Låg","","","Sökordsförslag","recipe"
"1","como se hace asado a la olla","140","-18%","-18%","Låg","","","Sökordsförslag","meat-cooking"
"1","dulce de maní paraguaya","140","+136%","-33%","Låg","","","Sökordsförslag","recipe"
"1","ingrediente para hacer chipa","140","+29%","0%","Låg","","","Sökordsförslag","recipe"
"1","masa para chipa","140","-40%","-25%","Låg","","","Sökordsförslag","recipe"
"1","platos tipicos de paraguay","140","+88%","+23%","Låg","","","Sökordsförslag","recipe"
"1","preparacion de la chipa","140","+89%","-19%","Låg","","","Sökordsförslag","recipe"
"2","las teresas eventos & catering","880","+83%","+22%","Låg","","","Sökordsförslag","catering"
"2","servicio de catering","480","+51%","+23%","Låg","3.93","5.21","Sökordsförslag","catering"
"2","catering para eventos","140","+29%","-18%","Låg","3.55","5.11","Sökordsförslag","catering"
"2","bocaditos salados para cumpleaños","70","-29%","-55%","Låg","","","Sökordsförslag","catering"
"2","cuantos bocaditos se calcula por persona","70","+29%","0%","Låg","","","Sökordsförslag","catering"
"2","servicio de catering para eventos","40","+150%","+67%","Låg","3.93","5.31","Sökordsförslag","catering"
"2","servicio catering","30","-50%","-67%","Låg","","","Sökordsförslag","catering"
"2","servicio de catering para 100 personas precios","30","+50%","0%","Låg","","","Sökordsförslag","catering"
"2","bocaditos para cumpleaños infantil","30","-33%","-33%","Låg","","","Sökordsförslag","catering"
"2","servicio de buffet para eventos","20","+100%","-33%","Låg","","","Sökordsförslag","catering"
"2","servicio de catering precios por persona","20","0%","0%","Låg","","","Sökordsförslag","catering"
"2","catering cerca de mí","20","0%","+100%","Låg","","","Sökordsförslag","catering"
"2","cuantos bocaditos por persona","10","0%","0%","Låg","","","Sökord som du har angett","catering"
"2","bocaditos para eventos","10","0%","-50%","Låg","","","Sökord som du har angett","catering"
"2","bocaditos por ciento","10","0%","0%","—","","","Sökord som du har angett","catering"
"2","catering para empresas","10","-100%","-100%","—","","","Sökord som du har angett","catering"
"2","catering fin de año","10","0%","0%","—","","","Sökord som du har angett","catering"
"2","coffee break para eventos","10","+∞","0%","Låg","","","Sökord som du har angett","catering"
"2","almuerzo empresarial","10","0%","0%","Låg","","","Sökord som du har angett","catering"
"2","banquetes para eventos","10","0%","-100%","—","","","Sökordsförslag","catering"
"2","empresas de catering","10","0%","-50%","Låg","","","Sökordsförslag","catering"
"2","catering para cumpleaños","10","+∞","0%","Låg","","","Sökordsförslag","catering"
"2","catering para eventos pequeños","10","0%","0%","Låg","","","Sökordsförslag","catering"
"2","catering para bodas","10","0%","0%","Låg","","","Sökordsförslag","catering"
"2","catering eventos","10","0%","0%","Låg","","","Sökordsförslag","catering"
"2","catering para fiestas","10","0%","0%","—","","","Sökordsförslag","catering"
"2","catering empresas","10","-100%","-100%","—","","","Sökordsförslag","catering"
"2","servicio de comida para eventos","10","0%","0%","Låg","","","Sökordsförslag","catering"
"2","catering empresarial","10","-100%","-100%","—","","","Sökordsförslag","catering"
"2","catering boda","10","-100%","-100%","—","","","Sökordsförslag","catering"
"2","catering cumpleaños","10","0%","0%","Låg","","","Sökordsförslag","catering"
"2","catering para bodas precios","10","0%","-100%","—","","","Sökordsförslag","catering"
"2","empresas de catering para eventos","10","0%","-100%","—","","","Sökordsförslag","catering"
"2","catering corporativo","10","0%","0%","Låg","","","Sökordsförslag","catering"
"2","servicio de catering para empresas","10","-100%","0%","—","","","Sökordsförslag","catering"
"2","catering desayunos","10","-100%","-100%","—","","","Sökordsförslag","catering"
"2","catering para 50 personas precios","10","0%","-50%","Låg","","","Sökordsförslag","catering"
"2","empresa catering","10","-100%","-100%","—","","","Sökordsförslag","catering"
"2","coffee break ejecutivo","10","-100%","0%","—","","","Sökordsförslag","catering"
"2","catering coffee break","10","0%","0%","Låg","","","Sökordsförslag","catering"
"2","catering para cumpleaños adultos","10","+∞","0%","Låg","","","Sökordsförslag","catering"
"2","servicio de catering precios","10","0%","0%","Låg","","","Sökordsförslag","catering"
"2","catering para eventos precios","10","+∞","+∞","Låg","","","Sökordsförslag","catering"
"2","catering para eventos empresariales","10","0%","0%","—","","","Sökordsförslag","catering"
"2","catering cumpleaños infantil","10","0%","0%","Låg","","","Sökordsförslag","catering"
"2","catering para bodas pequeñas","10","0%","0%","—","","","Sökordsförslag","catering"
"2","catering para eventos corporativos","10","+∞","+∞","Låg","","","Sökordsförslag","catering"
"2","catering de comida","10","0%","0%","Låg","","","Sökordsförslag","catering"
"2","comida catering","10","+∞","0%","Låg","","","Sökordsförslag","catering"
"2","catering comida","10","+∞","0%","Låg","","","Sökordsförslag","catering"
"2","catering para 20 personas precio","10","0%","-100%","—","","","Sökordsförslag","catering"
"2","catering eventos corporativos","10","0%","-100%","—","","","Sökordsförslag","catering"
"2","catering vegano","10","0%","0%","—","","","Sökordsförslag","catering"
"2","catering para comuniones","10","0%","0%","—","","","Sökordsförslag","catering"
"2","catering para 30 personas","10","0%","0%","—","","","Sökordsförslag","catering"
"2","catering y eventos","10","0%","0%","Låg","","","Sökordsförslag","catering"
"2","servicio de coffee break precio","10","0%","-100%","—","","","Sökordsförslag","catering"
"2","catering zona norte","10","0%","0%","—","","","Sökordsförslag","catering"
"2","catering para 30 personas precio","10","0%","-100%","—","","","Sökordsförslag","catering"
"2","catering para cumpleaños en casa","10","0%","0%","—","","","Sökordsförslag","catering"
"2","catering para 10 personas","10","-100%","-100%","—","","","Sökordsförslag","catering"
"2","servicios de coffee break","10","+100%","+100%","Låg","","","Sökordsförslag","catering"
"2","precio catering boda","10","+∞","0%","Låg","","","Sökordsförslag","catering"
"2","servicio de coffee break para empresas","10","+∞","+∞","Låg","","","Sökordsförslag","catering"
"2","catering barato","10","0%","0%","—","","","Sökordsförslag","catering"
"2","servicio de coffee break para eventos","10","0%","+∞","Låg","","","Sökordsförslag","catering"
"2","coffee break a domicilio","10","0%","0%","—","","","Sökordsförslag","catering"
"2","servicio de catering para eventos precios","10","-100%","0%","—","","","Sökordsförslag","catering"
"2","catering para eventos zona sur","10","0%","0%","—","","","Sökordsförslag","catering"
"2","servicio de banquetes para eventos","10","0%","0%","—","","","Sökordsförslag","catering"
"2","catering vegetariano","10","0%","0%","—","","","Sökordsförslag","catering"
"2","eventos catering","10","0%","+∞","Låg","","","Sökordsförslag","catering"
"2","catering economico","10","0%","0%","—","","","Sökordsförslag","catering"
"2","servicio de catering zona sur","10","-100%","0%","—","","","Sökordsförslag","catering"
"2","catering desayunos empresariales","10","0%","0%","—","","","Sökordsförslag","catering"
"2","precios de catering","10","0%","0%","—","","","Sökordsförslag","catering"
"2","catering de bodas","10","-100%","0%","—","","","Sökordsförslag","catering"
"2","catering para 100 personas precio","10","+∞","+∞","Låg","","","Sökordsförslag","catering"
"2","catering saludable","10","+∞","0%","Låg","","","Sökordsförslag","catering"
"2","catering cumpleaños adultos","10","+∞","+∞","Låg","","","Sökordsförslag","catering"
"2","catering comida mexicana","10","+∞","0%","Låg","","","Sökordsförslag","catering"
"2","catering barbacoa","10","0%","0%","—","","","Sökordsförslag","catering"
"2","catering para 60 personas precio","10","0%","0%","—","","","Sökordsförslag","catering"
"2","precio catering","10","+∞","+∞","Låg","","","Sökordsförslag","catering"
"2","catering para 40 personas","10","0%","0%","—","","","Sökordsförslag","catering"
"2","servicio catering eventos","10","-100%","-100%","—","","","Sökordsförslag","catering"
"2","comidas para empresas","10","-100%","0%","—","","","Sökordsförslag","catering"
"2","servicio de catering para fiestas","10","0%","0%","—","","","Sökordsförslag","catering"
"2","servicio de banquetes para fiestas","10","0%","0%","—","","","Sökordsförslag","catering"
"2","servicio de catering para 50 personas","10","-100%","0%","—","","","Sökordsförslag","catering"
"2","servicio de catering para cumpleaños","10","0%","0%","Låg","","","Sökordsförslag","catering"
"2","catering para casamiento","10","0%","0%","—","","","Sökordsförslag","catering"
"2","catering de eventos","10","0%","0%","Låg","","","Sökordsförslag","catering"
"2","catering para cumpleaños infantiles","10","+∞","0%","Låg","","","Sökordsförslag","catering"
"2","servicio de cafetería para eventos","10","0%","0%","Låg","","","Sökordsförslag","catering"
"2","catering de comida para eventos","10","-100%","0%","—","","","Sökordsförslag","catering"
"2","catering para producciones audiovisuales","10","+∞","+∞","Låg","","","Sökordsförslag","catering"
"2","servicio de comida para fiestas","10","-100%","0%","—","","","Sökordsförslag","catering"
"2","coffee break eventos","10","-100%","0%","—","","","Sökordsförslag","catering"
"2","menú de catering para eventos","10","-100%","0%","—","","","Sökordsförslag","catering"
"3","carne","3600","-33%","-89%","Låg","","","Sökord som du har angett","meat-cut"
"3","picaña","2900","0%","0%","Låg","","","Sökordsförslag","meat-cut"
"3","osobuco","2900","0%","0%","Låg","","","Sökordsförslag","meat-cut"
"3","parrilla para asadito","2400","0%","+21%","Hög","0.19","1.87","Sökordsförslag","other"
"3","punto carne","2400","0%","+85%","Låg","","","Sökordsförslag","meat-butcher-brand"
"3","carniceria","1900","+50%","+26%","Låg","","","Sökord som du har angett","meat-butcher-brand"
"3","bife de chorizo","1900","+26%","+26%","Låg","","","Sökordsförslag","meat-cut"
"3","asado ala olla","1900","0%","-21%","Låg","","","Sökordsförslag","meat-cooking"
"3","asado en olla","1900","0%","-21%","Låg","","","Sökordsförslag","meat-cooking"
"3","cerdo","1600","0%","0%","Låg","","","Sökordsförslag","meat-cut"
"3","entraña","1300","-19%","0%","Låg","","","Sökordsförslag","meat-cut"
"3","ojo de bife","1300","+30%","0%","Låg","","","Sökordsförslag","meat-cut"
"3","tomahawk carne","880","-18%","0%","Låg","","","Sökordsförslag","meat-cut"
"3","carne de vacuno","880","-70%","-83%","Låg","","","Sökordsförslag","meat-cut"
"3","carne magra","880","+22%","0%","Låg","","","Sökordsförslag","meat-cut"
"3","cecinas","880","+39%","0%","Låg","","","Sökordsförslag","meat-cut"
"3","magra carne","880","+22%","0%","Låg","","","Sökordsförslag","meat-cut"
"3","chuleton","720","0%","+49%","Låg","","","Sökordsförslag","meat-cut"
"3","chuleta","720","0%","0%","Låg","","","Sökordsförslag","meat-cut"
"3","asado ala parrilla","720","0%","-33%","Låg","","","Sökordsförslag","meat-cooking"
"3","carniceria la familia","720","+22%","+319%","Låg","","","Sökordsförslag","meat-butcher-brand"
"3","la familia carniceria","720","+22%","+319%","Låg","","","Sökordsförslag","meat-butcher-brand"
"3","cortes de carne","590","+22%","-34%","Låg","","","Sökord som du har angett","meat-cut"
"3","carne molida","590","0%","+22%","Låg","","","Sökordsförslag","meat-cut"
"3","carne de res","590","+23%","-18%","Låg","","","Sökordsförslag","meat-cut"
"3","chuleta de cerdo","590","+22%","+22%","Låg","","","Sökordsförslag","meat-cut"
"3","vacio carne","590","-19%","-19%","Låg","","","Sökordsförslag","meat-cut"
"3","pan de carne","590","+51%","-18%","Låg","","","Sökordsförslag","meat-cooking"
"3","corte de carnes","590","+22%","-34%","Låg","","","Sökordsförslag","meat-cut"
"3","bifes de carne","590","0%","+23%","Låg","","","Sökordsförslag","meat-cut"
"3","solomillo","480","-18%","-33%","Låg","","","Sökordsförslag","meat-cut"
"3","buey","480","0%","-19%","Låg","","","Sökordsförslag","meat-cut"
"3","carniceria santa ana","480","-18%","-18%","Låg","","","Sökordsförslag","meat-butcher-brand"
"3","pernil de cerdo","390","+23%","+23%","Låg","","","Sökordsförslag","meat-cut"
"3","carne de cerdo","390","+125%","+85%","Låg","","","Sökordsförslag","meat-cut"
"3","bondiola de vaca","390","0%","-33%","Låg","","","Sökordsförslag","meat-cut"
"3","picanha","320","+52%","-33%","Låg","","","Sökordsförslag","meat-cut"
"3","carne de wagyu","320","+86%","+22%","Låg","","","Sökordsförslag","meat-cut"
"3","carne de caballo","320","-19%","-19%","Låg","","","Sökordsförslag","meat-cut"
"3","pechuga de pollo precio","320","+22%","0%","Låg","1.08","14.75","Sökordsförslag","meat-price"
"3","carni","320","0%","+23%","Låg","","","Sökordsförslag","meat-butcher-brand"
"3","peceto precio","320","+55%","+21%","Låg","","","Sökordsförslag","meat-price"
"3","carne para asado","260","-19%","-19%","Låg","","","Sökord som du har angett","meat-cut"
"3","corte tomahawk","260","0%","+53%","Låg","","","Sökordsförslag","meat-cut"
"3","hamburguesa de pollo","260","+23%","+23%","Låg","","","Sökordsförslag","meat-cooking"
"3","ternera","260","+24%","-19%","Låg","","","Sökordsförslag","meat-cut"
"3","chuleton de vaca","260","+23%","+23%","Låg","","","Sökordsförslag","meat-cut"
"3","carne para asada","260","-19%","-19%","Låg","","","Sökordsförslag","meat-cut"
"3","entraña de vaca","260","+85%","+85%","Låg","","","Sökordsförslag","meat-cut"
"3","wagyu carne","210","+53%","+53%","Låg","","","Sökordsförslag","meat-cut"
"3","solomillo de cerdo","210","0%","+21%","Låg","","","Sökordsförslag","meat-cut"
"3","picanha grill","210","-19%","-19%","Låg","","","Sökordsförslag","restaurant-brand"
"3","cortes de carne vacuna","210","0%","-35%","Låg","","","Sökordsförslag","meat-cut"
"3","corte americano carne","210","0%","0%","Låg","","","Sökordsförslag","meat-cut"
"3","costillar precio","210","-33%","-46%","Låg","","","Sökordsförslag","meat-price"
"3","aguja carne","210","0%","+24%","Låg","","","Sökordsförslag","meat-cut"
"3","carne aguja","210","0%","+24%","Låg","","","Sökordsförslag","meat-cut"
"3","carniceria jr","210","+52%","+357%","Låg","","","Sökordsförslag","meat-butcher-brand"
"3","carniceria los amigos","210","0%","+50%","Låg","","","Sökordsförslag","meat-butcher-brand"
"3","carnicería 3 hermanos","210","+53%","+271%","Låg","","","Sökordsförslag","meat-butcher-brand"
"3","hamburguesas a la parrilla","210","+24%","-19%","Låg","","","Sökordsförslag","meat-cooking"
"3","los amigos carniceria","210","0%","+50%","Låg","","","Sökordsförslag","meat-butcher-brand"
"3","muslo de pollo precio","210","+24%","+86%","Låg","","","Sökordsförslag","meat-price"
"3","pollo en ingles","210","0%","0%","Låg","","","Sökordsförslag","other"
"3","carne vacuna","170","+21%","0%","Låg","","","Sökord som du har angett","meat-cut"
"3","carne kobe","170","0%","-21%","Låg","","","Sökordsförslag","meat-cut"
"3","asado de tira","170","-18%","-18%","Låg","","","Sökordsförslag","meat-cut"
"3","carne de kobe","170","0%","-21%","Låg","","","Sökordsförslag","meat-cut"
"3","carne de hamburguesa","170","+24%","+24%","Låg","","","Sökordsförslag","meat-cooking"
"3","picaña precio","170","+21%","0%","Låg","","","Sökordsförslag","meat-price"
"3","costillar de cerdo precio","170","-18%","+27%","Låg","","","Sökordsförslag","meat-price"
"3","hamburguesa de carne","170","+24%","+24%","Låg","","","Sökordsförslag","meat-cooking"
"3","carne molida precio","170","0%","+133%","Låg","","","Sökordsförslag","meat-price"
"3","carne de pollo","170","+29%","-57%","Låg","","","Sökordsförslag","meat-cut"
"3","osobuco precio","170","0%","+89%","Låg","","","Sökordsförslag","meat-price"
"3","carne de oveja","170","-33%","-18%","Låg","","","Sökordsförslag","meat-cut"
"3","carne de vaca partes","170","0%","-19%","Låg","","","Sökordsförslag","meat-cut"
"3","carniceria aaa","170","-48%","-48%","Låg","","","Sökordsförslag","meat-butcher-brand"
"3","carniceria el amigo","170","+86%","+271%","Låg","","","Sökordsförslag","meat-butcher-brand"
"3","carniceria san antonio","170","0%","+89%","Låg","","","Sökordsförslag","meat-butcher-brand"
"3","carnicería aaa","170","-48%","-48%","Låg","","","Sökordsförslag","meat-butcher-brand"
"3","cerdo en ingles","170","-33%","-33%","Låg","","","Sökordsförslag","other"
"3","costillar de novillo","170","+24%","+50%","Låg","","","Sökordsförslag","meat-cut"
"3","marucha carne","170","-56%","+55%","Låg","","","Sökordsförslag","meat-cut"
"3","matambre de vaca","170","+24%","+53%","Låg","","","Sökordsförslag","meat-cut"
"3","tapa cuadril precio","170","-19%","+24%","Låg","","","Sökordsförslag","meat-price"
"3","churrascos","140","-21%","0%","Låg","","","Sökordsförslag","meat-cooking"
"3","carne para hamburguesa","140","0%","-19%","Låg","","","Sökordsförslag","meat-cut"
"3","cerdo iberico","140","+22%","0%","Låg","","","Sökordsförslag","meat-cut"
"3","carne molida de pollo","140","+86%","+136%","Låg","","","Sökordsförslag","meat-cut"
"3","picaña a la parrilla","140","-21%","-48%","Låg","","","Sökordsförslag","meat-cooking"
"3","bife de vacio","140","0%","-21%","Låg","","","Sökordsförslag","meat-cut"
"3","carniceria el rancho","140","-35%","+57%","Låg","","","Sökordsförslag","meat-butcher-brand"
"3","carniceria san isidro","140","+24%","+950%","Låg","","","Sökordsförslag","meat-butcher-brand"
"3","carniceria san jose","140","0%","+240%","Låg","","","Sökordsförslag","meat-butcher-brand"
"3","carnicerias san jose","140","0%","+240%","Låg","","","Sökordsförslag","meat-butcher-brand"
"3","carnicería los hermanos","140","-21%","+57%","Låg","","","Sökordsförslag","meat-butcher-brand"
"3","carnicería san jose","140","0%","+240%","Låg","","","Sökordsförslag","meat-butcher-brand"
"3","carnicería san miguel","140","-18%","+100%","Låg","","","Sökordsförslag","meat-butcher-brand"
"3","queso de cerdo","140","+55%","0%","Låg","","","Sökordsförslag","meat-cooking"
"4","supermercado","18100","+22%","+22%","Låg","1.07","7.62","Sökord som du har angett","other"
"4","super mas","5400","+23%","0%","Låg","4.89","10.56","Sökordsförslag","supermarket-brand"
"4","arete supermercado","3600","+26%","-80%","Låg","2.50","10.69","Sökordsförslag","supermarket-brand"
"4","superseis online","2900","0%","0%","Låg","2.09","10.52","Sökordsförslag","supermarket-brand"
"4","supermercado edward","2400","0%","+26%","Låg","","","Sökordsförslag","supermarket-brand"
"4","miel","1300","+30%","0%","Låg","","","Sökord som du har angett","honey-info"
"4","supermercados near me","1000","0%","0%","Låg","","","Sökordsförslag","other"
"4","supermercado guaraní","880","0%","+39%","Låg","","","Sökordsförslag","supermarket-brand"
"4","miel de abeja","720","0%","0%","Låg","","","Sökord som du har angett","honey-info"
"4","supermercado pueblo","480","0%","0%","Låg","","","Sökordsförslag","supermarket-brand"
"4","mercado plus","480","0%","0%","Låg","","","Sökordsförslag","supermarket-brand"
"4","super mercado central","480","+23%","+51%","Låg","","","Sökordsförslag","supermarket-brand"
"4","supermercado villa sofia","480","0%","0%","Låg","","","Sökordsförslag","supermarket-brand"
"4","jalea real","390","+22%","-19%","Låg","","","Sökordsförslag","honey-info"
"4","miel honey","390","0%","+22%","Låg","","","Sökordsförslag","honey-info"
"4","supermercados stock ofertas de hoy","390","-46%","-18%","Låg","","","Sökordsförslag","supermarket-offers"
"4","supermercado líder","320","+23%","0%","Låg","","","Sökordsförslag","supermarket-brand"
"4","líder supermercado","320","+23%","0%","Låg","","","Sökordsförslag","supermarket-brand"
"4","miel negra","320","+177%","-28%","Låg","","","Sökordsförslag","honey-info"
"4","hipermercado luisito precios","320","-19%","-33%","Låg","","","Sökordsförslag","supermarket-offers"
"4","spar supermercado","320","-95%","-98%","Låg","","","Sökordsförslag","supermarket-brand"
"4","supermercado la economica","320","+22%","+50%","Låg","","","Sökordsförslag","supermarket-brand"
"4","superseis ofertas de hoy","320","-34%","-34%","Låg","","","Sökordsförslag","supermarket-offers"
"4","miel de caña","260","+127%","-18%","Låg","","","Sökordsförslag","honey-info"
"4","exito supermercado","260","+129%","+4700%","Låg","","","Sökordsförslag","supermarket-brand"
"4","supermercados cercanos","260","+24%","+53%","Låg","","","Sökordsförslag","other"
"4","exito supermercados","260","+129%","+4700%","Låg","","","Sökordsförslag","supermarket-brand"
"4","supermercado luisito online","260","0%","+53%","Låg","3.24","10.52","Sökordsförslag","supermarket-brand"
"4","supermercado stock ofertas de carnes hoy","260","-34%","-46%","Låg","","","Sökordsförslag","supermarket-offers"
"4","supermercados en asuncion","210","+21%","-56%","Låg","","","Sökord som du har angett","other"
"4","ajo con miel para que sirve","210","+23%","+191%","Låg","","","Sökordsförslag","honey-info"
"4","supermercado en asuncion","210","+21%","-56%","Låg","","","Sökordsförslag","other"
"4","supermercado real online","210","0%","0%","Låg","","","Sökordsförslag","supermarket-brand"
"4","supermercado dia","170","+136%","+53%","Låg","","","Sökordsförslag","supermarket-brand"
"4","dia supermercado","170","+136%","+53%","Låg","","","Sökordsförslag","supermarket-brand"
"4","miel de maple","170","-19%","0%","Låg","","","Sökordsförslag","honey-info"
"4","miel maple","170","-19%","0%","Låg","","","Sökordsförslag","honey-info"
"4","california supermercado","170","-19%","0%","Låg","","","Sökordsförslag","supermarket-brand"
"4","supermercado stock online","170","0%","+55%","Låg","","","Sökordsförslag","supermarket-brand"
"4","pueblo supermercado","140","-18%","-36%","Låg","","","Sökordsförslag","supermarket-brand"
"4","la miel de abeja para que sirve","140","0%","-21%","Låg","","","Sökordsförslag","honey-info"
"4","para q sirve la miel de abeja","140","0%","-21%","Låg","","","Sökordsförslag","honey-info"
"4","supermercado stock 24 horas","140","-22%","-50%","Låg","","","Sökordsförslag","supermarket-brand"
"4","supermercado stock ofertas","140","-35%","-35%","Låg","","","Sökordsförslag","supermarket-offers"
"4","supermercados mas","110","0%","-21%","Låg","","","Sökordsförslag","supermarket-brand"
"4","supermercado mas","110","0%","-21%","Låg","","","Sökordsförslag","supermarket-brand"
"4","descuentos en supermercados hoy","110","+27%","+27%","Låg","","","Sökordsförslag","supermarket-offers"
"4","propiedades de la miel de abeja","110","-36%","-50%","Låg","","","Sökordsförslag","honey-info"
"4","miel de melipona","110","0%","+100%","Låg","","","Sökordsförslag","honey-info"
"4","miel de carpincho","110","-18%","-18%","Låg","","","Sökordsförslag","honey-info"
"4","abejas meliponas","110","+40%","0%","Låg","","","Sökordsförslag","honey-info"
"4","candy supermercado","110","-36%","+29%","Låg","","","Sökordsförslag","supermarket-brand"
"4","canela con miel","110","0%","0%","Låg","","","Sökordsförslag","honey-info"
"4","limon con miel","110","-57%","-47%","Låg","","","Sökordsförslag","honey-info"
"4","limon con miel para la tos","110","-47%","-36%","Låg","","","Sökordsförslag","honey-info"
"4","meliponas","110","+40%","+40%","Låg","","","Sökordsförslag","honey-info"
"4","miel con ajo para que sirve","110","0%","+100%","Låg","","","Sökordsförslag","honey-info"
"4","miel en ingles","110","-21%","-21%","Låg","","","Sökordsförslag","honey-info"
"4","miel en inglés","110","-21%","-21%","Låg","","","Sökordsförslag","honey-info"
"4","precio de costilla en superseis","110","0%","-59%","Låg","","","Sökordsförslag","supermarket-offers"
"4","super mas online","110","+55%","+240%","Låg","","","Sökordsförslag","supermarket-brand"
"4","supermercado grande","110","+29%","0%","Låg","","","Sökordsförslag","other"
"4","superseis ofertas","110","-21%","-21%","Låg","","","Sökordsförslag","supermarket-offers"
"4","supermercado 24 horas","90","+57%","+22%","Låg","","","Sökordsförslag","other"
"4","melaza de caña","90","-33%","+100%","Låg","","","Sökordsförslag","honey-info"
"4","la miel engorda","90","-29%","-44%","Låg","","","Sökordsförslag","honey-info"
"4","mercado real","90","+100%","+180%","Låg","","","Sökordsförslag","supermarket-brand"
"4","hipermercado luisito online","90","-60%","-82%","Låg","","","Sökordsförslag","supermarket-brand"
"4","miel con carpincho","90","0%","-47%","Låg","","","Sökordsförslag","honey-info"
"4","supermercado la amistad","90","-22%","+40%","Låg","","","Sökordsförslag","supermarket-brand"
"4","supermercado rio","90","+29%","+29%","Låg","","","Sökordsförslag","supermarket-brand"
"4","pedidosya market","70","-36%","+75%","Låg","2.46","2.65","Sökordsförslag","supermarket-brand"
"4","supermercado mayorista","70","+80%","+29%","Låg","","","Sökordsförslag","other"
"4","supermercado tata","70","-50%","0%","Låg","","","Sökordsförslag","supermarket-brand"
"4","descuento supermercado","70","-29%","-44%","Låg","","","Sökordsförslag","supermarket-offers"
"4","supermercado abierto hoy","70","0%","0%","Låg","","","Sökordsförslag","other"
"4","ta ta supermercado","70","-50%","0%","Låg","","","Sökordsförslag","supermarket-brand"
"4","jengibre con limon y miel","70","-22%","-36%","Låg","","","Sökordsförslag","honey-info"
"4","miel de caña de azucar","70","+143%","+21%","Låg","","","Sökordsförslag","honey-info"
"4","supermercado chortitzer online","70","0%","+75%","Låg","","","Sökordsförslag","supermarket-brand"
"4","supermercado guarani online","70","0%","+133%","Låg","","","Sökordsförslag","supermarket-brand"
"4","supermercado santa teresa","70","+80%","+80%","Låg","","","Sökordsförslag","supermarket-brand"
"4","supermercado stock asunción","70","-56%","-43%","Låg","","","Sökordsförslag","supermarket-brand"
"4","superseis asuncion","70","-29%","-29%","Låg","","","Sökordsförslag","supermarket-brand"
"4","miel de abeja precio","50","0%","0%","Låg","","","Sökord som du har angett","honey-commerce"
"4","la miel","50","+40%","0%","Låg","","","Sökordsförslag","honey-info"
"4","miel pura de abeja","50","+40%","+75%","Låg","","","Sökordsförslag","honey-commerce"
"4","changomás","50","+25%","+25%","Låg","","","Sökordsförslag","supermarket-brand"
"4","miel en panal","50","-25%","-40%","Låg","","","Sökordsförslag","honey-info"
"4","miel con propoleo","50","-56%","-43%","Låg","","","Sökordsförslag","honey-info"
"4","mieles","50","0%","-29%","Låg","","","Sökordsförslag","honey-info"
"4","panal de miel","50","-20%","-20%","Låg","","","Sökordsförslag","honey-info"
"4","supermercado argentino","50","0%","-29%","Låg","","","Sökordsförslag","other"
"4","para que sirve la miel","50","-29%","+25%","Låg","","","Sökordsförslag","honey-info"
"4","ajo con miel","50","+40%","+133%","Låg","","","Sökordsförslag","honey-info"
"4","engorda la miel de abeja","50","0%","-25%","Låg","","","Sökordsförslag","honey-info"
"4","jengibre con miel para que sirve","50","-22%","0%","Låg","","","Sökordsförslag","honey-info"
"4","la miel con limon para que sirve","50","-40%","-40%","Låg","","","Sökordsförslag","honey-info"
"4","miel de abeja en ayunas","50","-67%","-67%","Låg","","","Sökordsförslag","honey-info"
"4","miel de yatei","50","+33%","+33%","Låg","","","Sökordsförslag","honey-info"
"5","restaurante","33100","0%","0%","Låg","1.97","9.44","Sökord som du har angett","restaurant-nearme"
"5","restaurantes cerca de mi","33100","+22%","+22%","Låg","3.54","16.42","Sökordsförslag","restaurant-nearme"
"5","restaurantes","33100","0%","0%","Låg","1.97","9.44","Sökordsförslag","restaurant-nearme"
"5","restaurant cerca de mi","33100","+22%","+22%","Låg","3.54","16.42","Sökordsförslag","restaurant-nearme"
"5","mcdonald cerca de mi","27100","+22%","+22%","Låg","","","Sökordsförslag","restaurant-brand"
"5","cafetería cerca de mi","22200","+22%","+22%","Låg","0.27","3.00","Sökordsförslag","restaurant-nearme"
"5","pizza cerca de mí","14800","+22%","+22%","Låg","5.70","14.45","Sökordsförslag","restaurant-nearme"
"5","hamburguesas cerca de mi","8100","0%","+23%","Låg","5.50","14.25","Sökordsförslag","restaurant-nearme"
"5","restaurantes en asuncion","6600","+50%","-19%","Låg","0.09","16.60","Sökord som du har angett","restaurant-editorial"
"5","comida cerca de mi","5400","0%","0%","Låg","4.72","19.96","Sökordsförslag","restaurant-nearme"
"5","churrasqueria","4400","+52%","+22%","Låg","","","Sökordsförslag","restaurant-editorial"
"5","pollerias cerca de mi","3600","+24%","+24%","Låg","5.41","14.75","Sökordsförslag","restaurant-nearme"
"5","kfc cerca de mi","2400","0%","0%","Låg","","","Sökordsförslag","restaurant-brand"
"5","pizzería","1900","+26%","+50%","Låg","4.23","12.48","Sökordsförslag","restaurant-editorial"
"5","pizzerías","1900","+26%","+50%","Låg","4.23","12.48","Sökordsförslag","restaurant-editorial"
"5","parrilladas","1900","0%","0%","Medel","0.20","4.26","Sökordsförslag","restaurant-editorial"
"5","brasa y leña","1300","+14%","-23%","Låg","","","Sökordsförslag","restaurant-brand"
"5","restaurante el dorado","1300","+82%","-16%","Låg","","","Sökordsförslag","restaurant-brand"
"5","el dorado restaurante","1300","+82%","-16%","Låg","","","Sökordsförslag","restaurant-brand"
"5","sabores de mi tierra","1300","+30%","0%","Låg","","","Sökordsförslag","restaurant-brand"
"5","desayunos cerca de mi","1000","+39%","+14%","Låg","","","Sökordsförslag","restaurant-nearme"
"5","hamburgueseria","1000","+48%","+48%","Låg","3.29","7.27","Sökordsförslag","restaurant-editorial"
"5","la tarantella","1000","+60%","+122%","Låg","","","Sökordsförslag","restaurant-brand"
"5","reservar","880","+14%","+14%","Låg","7.61","115.12","Sökordsförslag","other"
"5","restaurante paraiso","880","0%","0%","Låg","","","Sökordsförslag","restaurant-brand"
"5","paraiso restaurante","880","0%","0%","Låg","","","Sökordsförslag","restaurant-brand"
"5","lugares para comer cerca de mi","720","+49%","+49%","Låg","2.85","16.02","Sökordsförslag","restaurant-nearme"
"5","lugares para comer asuncion","720","+49%","+22%","Låg","","","Sökordsförslag","restaurant-editorial"
"5","viandas","590","0%","-18%","Låg","","","Sökord som du har angett","viandas"
"5","comida rapida","590","+23%","-18%","Låg","3.83","12.48","Sökordsförslag","other"
"5","restaurantes cerca","590","0%","0%","Låg","0.75","11.21","Sökordsförslag","restaurant-nearme"
"5","restaurante coreano","590","+51%","0%","Låg","","","Sökordsförslag","restaurant-editorial"
"5","lugares para cenar","590","+23%","-18%","Låg","","","Sökordsförslag","restaurant-editorial"
"5","lugares para almorzar en asuncion","590","+50%","-33%","Låg","","","Sökordsförslag","restaurant-editorial"
"5","pizza asuncion","590","0%","-19%","Låg","5.55","17.20","Sökordsförslag","restaurant-editorial"
"5","restaurante hooters","590","0%","-33%","Låg","","","Sökordsförslag","restaurant-brand"
"5","menú","480","0%","+84%","Låg","0.57","6.88","Sökordsförslag","other"
"5","rosa negra","480","0%","-46%","Låg","","","Sökordsförslag","restaurant-brand"
"5","comida mexicana asuncion","480","0%","0%","Låg","","","Sökordsförslag","restaurant-editorial"
"5","mejor restaurante de asuncion","480","+23%","-19%","Låg","","","Sökordsförslag","restaurant-editorial"
"5","restaurant asuncion","480","0%","-46%","Låg","0.09","1.29","Sökordsförslag","restaurant-editorial"
"5","sushi club","390","0%","-46%","Låg","","","Sökordsförslag","restaurant-brand"
"5","pizzerías cercanas","390","0%","+22%","Låg","7.08","13.17","Sökordsförslag","restaurant-nearme"
"5","la pizza nostra","390","+23%","+23%","Låg","","","Sökordsförslag","restaurant-brand"
"5","cafetería cercana","390","+23%","+50%","Låg","","","Sökordsförslag","restaurant-nearme"
"5","100montaditos","390","0%","0%","Låg","","","Sökordsförslag","restaurant-brand"
"5","comida china asuncion","390","-18%","-33%","Låg","6.98","17.50","Sökordsförslag","restaurant-editorial"
"5","lugares para merendar cerca de mi","390","+23%","+23%","Låg","","","Sökordsförslag","restaurant-nearme"
"5","parrillada en asuncion","390","+22%","0%","Låg","","","Sökordsförslag","restaurant-editorial"
"5","donde comer en asuncion","320","+23%","-18%","Låg","","","Sökord som du har angett","restaurant-editorial"
"5","comida rapida cerca de mi","320","+23%","+52%","Låg","3.17","14.55","Sökordsförslag","restaurant-nearme"
"5","lugares de comida cerca de mi","320","+88%","+23%","Låg","5.21","17.50","Sökordsförslag","restaurant-nearme"
"5","brasas","320","-18%","+23%","Låg","","","Sökordsförslag","restaurant-brand"
"5","comida japonesa cerca de mi","320","+23%","+23%","Låg","","","Sökordsförslag","restaurant-nearme"
"5","hamburguesas de mcdonalds","320","+23%","+23%","Låg","","","Sökordsförslag","restaurant-brand"
"5","restaurantes japoneses","320","+23%","-18%","Låg","","","Sökordsförslag","restaurant-editorial"
"5","lugares para comer","320","+24%","-19%","Låg","","","Sökordsförslag","restaurant-editorial"
"5","hamburguesas gourmet","320","+23%","-18%","Låg","","","Sökordsförslag","other"
"5","beirut restaurante","320","0%","+23%","Låg","","","Sökordsförslag","restaurant-brand"
"5","restaurante oriental","320","+50%","+22%","Låg","","","Sökordsförslag","restaurant-editorial"
"5","comida coreana asuncion","320","0%","-18%","Låg","","","Sökordsförslag","restaurant-editorial"
"5","donde almorzar en asuncion","320","+50%","-19%","Låg","","","Sökordsförslag","restaurant-editorial"
"5","donde cenar en asuncion","320","+129%","+23%","Låg","","","Sökordsförslag","restaurant-editorial"
"5","estrellas michelin","320","+24%","0%","Låg","","","Sökordsförslag","other"
"5","restaurante chino cerca de mi","260","-19%","0%","Låg","","","Sökordsförslag","restaurant-nearme"
"5","mia pizza","260","0%","+50%","Låg","","","Sökordsförslag","restaurant-brand"
"5","hamburguesas mcdonalds","260","0%","0%","Låg","","","Sökordsförslag","restaurant-brand"
"5","hamburguesas mcdonald","260","0%","0%","Låg","","","Sökordsförslag","restaurant-brand"
"5","restobar","260","+24%","0%","Låg","","","Sökordsförslag","restaurant-editorial"
"5","restaurantes cerca de mi ubicacion","260","+86%","+136%","Låg","2.75","15.73","Sökordsförslag","restaurant-nearme"
"5","las delicias restaurante","260","+24%","+24%","Låg","","","Sökordsförslag","restaurant-brand"
"5","café bar","260","+57%","-58%","Låg","","","Sökordsförslag","restaurant-editorial"
"5","lugares para almorzar cerca de mi","260","+23%","+88%","Låg","","","Sökordsförslag","restaurant-nearme"
"5","bolsi restaurant asuncion paraguay","260","+53%","0%","Låg","","","Sökordsförslag","restaurant-brand"
"5","churrasquería en asunción","260","+24%","0%","Låg","","","Sökordsförslag","restaurant-editorial"
"5","la cuina","260","+24%","-33%","Låg","","","Sökordsförslag","restaurant-brand"
"5","viandas saludables","210","+24%","0%","Låg","","","Sökord som du har angett","viandas"
"5","restaurante mexicano","210","-19%","-19%","Låg","","","Sökordsförslag","restaurant-editorial"
"5","donde comer cerca de mi","210","+129%","+88%","Låg","","","Sökordsförslag","restaurant-nearme"
"5","gastrobar","210","+52%","+256%","Låg","","","Sökordsförslag","restaurant-editorial"
"5","lapiazza","210","+55%","-35%","Låg","","","Sökordsförslag","restaurant-brand"
"5","dónde comer cerca de mí","210","+129%","+88%","Låg","","","Sökordsförslag","restaurant-nearme"
"5","negroni restaurante","210","+89%","-35%","Låg","","","Sökordsförslag","restaurant-brand"
"5","restaurante coreano asuncion","210","-19%","0%","Låg","","","Sökordsförslag","restaurant-editorial"
"5","viandassaludables","210","+24%","0%","Låg","","","Sökordsförslag","viandas"
"5","comida a domicilio","170","-65%","+143%","Låg","3.15","15.93","Sökordsförslag","other"
"5","taqueria cerca de mi","170","+24%","+50%","Låg","","","Sökordsförslag","restaurant-nearme"
"5","restaurante italiano","170","0%","0%","Låg","","","Sökordsförslag","restaurant-editorial"
"5","restaurante colombiano","170","-19%","+91%","Låg","","","Sökordsförslag","restaurant-editorial"
"5","sushibar","170","+24%","+91%","Låg","","","Sökordsförslag","restaurant-editorial"
"5","mcdonald cerca","170","-18%","+27%","Låg","","","Sökordsförslag","restaurant-brand"
"5","el gallo","170","-18%","0%","Låg","","","Sökordsförslag","restaurant-brand"
"5","temaki sushi","170","+24%","+24%","Låg","","","Sökordsförslag","restaurant-brand"
"5","restaurant italia","170","0%","0%","Låg","","","Sökordsförslag","restaurant-brand"
"5","comida japonesa asuncion","170","0%","-33%","Låg","","","Sökordsförslag","restaurant-editorial"
"5","la estacion restaurante","170","+21%","+21%","Låg","","","Sökordsförslag","restaurant-brand"
"5","mejor restaurante asuncion","170","0%","-57%","Låg","","","Sökordsförslag","restaurant-editorial"
"5","mejores restaurantes asuncion","170","0%","-57%","Låg","","","Sökordsförslag","restaurant-editorial"
"5","restaurantes centro asuncion","170","+27%","-33%","Låg","","","Sökordsförslag","restaurant-editorial"
"5","restaurantes en asuncion villa morra","170","+25%","+150%","Låg","","","Sökordsförslag","restaurant-editorial"
